name,mass
Proton,1.007276466621
Neutron,1.00866491588
Electron,0.000548579909065