name,mass
proton,1.007276466621
neutron,1.00866491588
electron,0.000548579909065
